{
  "auc_roc": 0.7836304084487465,
  "gini": 0.5672608168974931,
  "precision": 0.18615615401100077,
  "recall": 0.6997851772287863,
  "f1_score": 0.2940811375049371,
  "best_params": {
    "n_estimators": 475,
    "max_depth": 3,
    "learning_rate": 0.0751903773070408,
    "min_child_weight": 3,
    "subsample": 0.7865839636205538,
    "colsample_bytree": 0.8815254000170597,
    "gamma": 2.977466836195499,
    "reg_alpha": 3.7561669875778145,
    "reg_lambda": 6.390781793902571,
    "scale_pos_weight": 11.38746619094205,
    "random_state": 42,
    "n_jobs": -1,
    "eval_metric": "auc"
  }
}